{"stats":{"minecraft:picked_up":{"minecraft:dirt":6},"minecraft:mined":{"minecraft:large_fern":2,"minecraft:grass_block":4,"minecraft:dirt":2},"minecraft:used":{"minecraft:dirt":3},"minecraft:custom":{"minecraft:jump":148,"minecraft:time_since_rest":9551,"minecraft:leave_game":4,"minecraft:play_time":9551,"minecraft:sprint_one_cm":20123,"minecraft:damage_taken":10,"minecraft:time_since_death":9551,"minecraft:walk_one_cm":4803,"minecraft:sneak_time":10,"minecraft:total_world_time":9551,"minecraft:fall_one_cm":3888,"minecraft:fly_one_cm":83883}},"DataVersion":3120}