{"stats":{"minecraft:killed":{"decayingmobsbackport:half_pig":1,"minecraft:sheep":1,"minecraft:drowned":2},"minecraft:dropped":{"minecraft:water_bucket":1,"minecraft:wheat_seeds":1,"minecraft:filled_map":1,"minecraft:diamond_sword":1,"minecraft:shield":1,"minecraft:iron_pickaxe":1},"minecraft:crafted":{"minecraft:crafting_table":1,"minecraft:bread":49,"minecraft:wheat":144},"minecraft:custom":{"minecraft:mob_kills":4,"minecraft:interact_with_crafting_table":1,"minecraft:open_barrel":2,"minecraft:leave_game":3,"minecraft:time_since_death":11385,"minecraft:sleep_in_bed":1,"minecraft:climb_one_cm":475,"minecraft:time_since_rest":11449,"minecraft:sprint_one_cm":55533,"minecraft:damage_taken":871,"minecraft:walk_one_cm":76278,"minecraft:drop":6,"minecraft:damage_dealt":851,"minecraft:swim_one_cm":8646,"minecraft:fly_one_cm":109010,"minecraft:player_kills":1,"minecraft:open_chest":15,"minecraft:crouch_one_cm":6415,"minecraft:play_time":48158,"minecraft:deaths":3,"minecraft:sneak_time":2390,"minecraft:walk_under_water_one_cm":11240,"minecraft:boat_one_cm":109234,"minecraft:jump":502,"minecraft:walk_on_water_one_cm":21542,"minecraft:total_world_time":48158,"minecraft:fall_one_cm":12504},"minecraft:picked_up":{"minecraft:fishing_rod":1,"minecraft:crafting_table":2,"minecraft:wheat":4,"minecraft:cooked_beef":10,"minecraft:chainmail_boots":2,"minecraft:water_bucket":2,"minecraft:diamond_sword":2,"artifacts:thorn_pendant":2,"minecraft:filled_map":1,"minecraft:flint":3,"minecraft:shield":2,"artifacts:power_glove":2,"minecraft:cooked_mutton":28,"minecraft:experience_bottle":1,"minecraft:kelp":1,"minecraft:wheat_seeds":1,"minecraft:heart_of_the_sea":1,"minecraft:iron_ingot":17,"minecraft:mossy_stone_bricks":1,"minecraft:iron_pickaxe":2,"minecraft:oak_planks":96,"minecraft:book":5,"minecraft:stick":48,"minecraft:raw_iron":8,"minecraft:cooked_porkchop":4,"minecraft:birch_boat":7,"minecraft:torch":130,"minecraft:spruce_stairs":2,"minecraft:gravel":14,"minecraft:sand":10,"minecraft:jungle_planks":8,"minecraft:diorite":3,"minecraft:mossy_cobblestone":1,"minecraft:tnt":2,"minecraft:diamond":2,"minecraft:hay_block":48,"minecraft:diamond_axe":2,"minecraft:bread":28,"minecraft:gold_ingot":5,"artifacts:pocket_piston":2,"minecraft:coal":37,"minecraft:cobblestone":77,"minecraft:diamond_pickaxe":2},"minecraft:mined":{"minecraft:spruce_planks":1,"minecraft:mossy_cobblestone":1,"minecraft:jungle_stairs":2,"minecraft:jungle_planks":4,"minecraft:spruce_leaves":2,"minecraft:diorite":3,"minecraft:wall_torch":2,"minecraft:hay_block":16,"minecraft:spruce_stairs":1,"minecraft:iron_ore":8,"minecraft:grass":3,"minecraft:coal_ore":19,"minecraft:gravel":10,"minecraft:sand":8},"minecraft:used":{"minecraft:water_bucket":3,"minecraft:diorite":3,"minecraft:birch_boat":5,"minecraft:diamond_axe":8,"minecraft:torch":2,"minecraft:crafting_table":1,"minecraft:bread":4,"minecraft:iron_pickaxe":31,"minecraft:diamond_sword":8,"minecraft:cobblestone":33,"minecraft:bucket":3},"minecraft:killed_by":{"decayingmobsbackport:weeping_chaser":1,"minecraft:player":1,"minecraft:drowned":1}},"DataVersion":3120}