{"stats":{"minecraft:killed":{"decayingmobsbackport:half_pig":2,"minecraft:creeper":4,"minecraft:sheep":4,"minecraft:skeleton":1,"john_mod_reborn:feral_baby_john_2":1,"decayingmobsbackport:hunted_zombie":2,"john_mod_reborn:sprinting_john":1,"minecraft:zombie":5,"minecraft:drowned":2,"artifacts:mimic":1},"minecraft:dropped":{"minecraft:water_bucket":1,"minecraft:golden_boots":1,"minecraft:wheat_seeds":1,"minecraft:obsidian":3,"minecraft:lantern":1,"whispers_of_the_wendigo:silver_bullet":3,"minecraft:filled_map":6,"minecraft:diamond_sword":2,"minecraft:shield":1,"fnaf_mod:freddy_plushie":1,"minecraft:iron_chestplate":1,"minecraft:birch_boat":1,"minecraft:iron_pickaxe":1,"artifacts:scarf_of_invisibility":1},"minecraft:crafted":{"minecraft:crafting_table":2,"minecraft:furnace":3,"minecraft:bread":49,"minecraft:chest":6,"minecraft:wheat":144},"minecraft:custom":{"minecraft:interact_with_furnace":6,"minecraft:mob_kills":28,"minecraft:interact_with_crafting_table":5,"minecraft:open_barrel":22,"minecraft:leave_game":5,"minecraft:time_since_death":16185,"minecraft:sleep_in_bed":2,"minecraft:climb_one_cm":6859,"minecraft:time_since_rest":16216,"minecraft:sprint_one_cm":495740,"minecraft:damage_taken":2726,"minecraft:walk_one_cm":367264,"minecraft:damage_blocked_by_shield":510,"minecraft:drop":22,"minecraft:damage_dealt":5913,"minecraft:swim_one_cm":19490,"minecraft:talked_to_villager":2,"minecraft:fly_one_cm":741112,"minecraft:player_kills":1,"minecraft:open_chest":75,"minecraft:crouch_one_cm":18777,"minecraft:play_time":155068,"minecraft:deaths":6,"minecraft:sneak_time":7227,"minecraft:walk_under_water_one_cm":18945,"minecraft:boat_one_cm":430932,"minecraft:jump":2599,"minecraft:walk_on_water_one_cm":33763,"minecraft:total_world_time":155068,"minecraft:fall_one_cm":45946},"minecraft:picked_up":{"minecraft:fishing_rod":1,"minecraft:iron_chestplate":1,"minecraft:crafting_table":2,"minecraft:wheat":4,"minecraft:cooked_beef":12,"minecraft:chainmail_boots":3,"minecraft:water_bucket":3,"minecraft:diamond_sword":4,"artifacts:thorn_pendant":3,"minecraft:filled_map":5,"minecraft:flint":3,"fnaf_mod:freddy_plushie":1,"minecraft:shield":3,"minecraft:lantern":2,"weeping_angels:kontron_ingot":16,"artifacts:power_glove":3,"minecraft:cooked_mutton":42,"minecraft:experience_bottle":1,"minecraft:bone":1,"minecraft:kelp":1,"minecraft:wheat_seeds":1,"minecraft:spruce_planks":1,"minecraft:heart_of_the_sea":1,"minecraft:iron_ingot":18,"minecraft:cobblestone_slab":2,"minecraft:mossy_stone_bricks":1,"minecraft:iron_pickaxe":3,"artifacts:antidote_vessel":2,"minecraft:oak_planks":145,"minecraft:stick":72,"minecraft:book":5,"minecraft:raw_iron":34,"minecraft:cooked_porkchop":22,"minecraft:birch_boat":10,"minecraft:torch":192,"whispers_of_the_wendigo:silver_bullet":3,"minecraft:spruce_stairs":2,"minecraft:gravel":14,"minecraft:sand":10,"minecraft:jungle_planks":8,"minecraft:diorite":3,"minecraft:mossy_cobblestone":1,"minecraft:tnt":2,"minecraft:diamond":2,"minecraft:hay_block":48,"minecraft:granite":1,"minecraft:diamond_axe":3,"minecraft:bread":77,"artifacts:pocket_piston":3,"minecraft:gold_ingot":7,"minecraft:dark_oak_fence":3,"minecraft:obsidian":3,"minecraft:mutton":4,"minecraft:coal":58,"minecraft:cobblestone":148,"minecraft:diamond_pickaxe":3},"minecraft:mined":{"minecraft:podzol":2,"minecraft:spruce_planks":2,"minecraft:mossy_cobblestone":1,"minecraft:powder_snow":2,"minecraft:granite":1,"minecraft:jungle_stairs":2,"minecraft:jungle_planks":4,"minecraft:spruce_leaves":2,"minecraft:oak_planks":1,"minecraft:diorite":3,"minecraft:wall_torch":2,"minecraft:hay_block":16,"minecraft:spruce_stairs":1,"minecraft:iron_ore":17,"weeping_angels:kontron_ore":8,"minecraft:grass":3,"minecraft:coal_ore":20,"minecraft:cobblestone_slab":2,"minecraft:gravel":10,"minecraft:sand":8,"minecraft:dirt":2,"minecraft:stone":33,"minecraft:fern":3},"minecraft:used":{"minecraft:cooked_mutton":23,"minecraft:water_bucket":10,"minecraft:diorite":3,"minecraft:flint_and_steel":9,"minecraft:oak_planks":1,"minecraft:chest":10,"minecraft:birch_boat":8,"minecraft:spruce_planks":1,"minecraft:shield":13,"minecraft:diamond_axe":9,"minecraft:cobblestone_slab":2,"minecraft:iron_chestplate":1,"minecraft:torch":12,"minecraft:crafting_table":2,"minecraft:granite":1,"minecraft:obsidian":1,"minecraft:milk_bucket":1,"minecraft:lantern":1,"minecraft:bread":4,"minecraft:suspicious_stew":1,"minecraft:iron_pickaxe":86,"minecraft:diamond_sword":66,"minecraft:cobblestone":83,"minecraft:furnace":3,"minecraft:bucket":10,"minecraft:cooked_beef":5},"minecraft:killed_by":{"decayingmobsbackport:weeping_chaser":1,"minecraft:player":1,"minecraft:drowned":1}},"DataVersion":3120}