{"stats":{"minecraft:killed":{"decayingmobsbackport:half_pig":1,"john_mod_reborn:feral_baby_john_2":1,"minecraft:skeleton":1,"minecraft:sheep":4,"decayingmobsbackport:hunted_zombie":1,"john_mod_reborn:sprinting_john":1,"minecraft:drowned":2,"artifacts:mimic":1},"minecraft:dropped":{"minecraft:water_bucket":1,"minecraft:golden_boots":1,"minecraft:wheat_seeds":1,"whispers_of_the_wendigo:silver_bullet":3,"minecraft:filled_map":3,"minecraft:diamond_sword":1,"minecraft:shield":1,"fnaf_mod:freddy_plushie":1,"minecraft:iron_chestplate":1,"minecraft:iron_pickaxe":1,"artifacts:scarf_of_invisibility":1},"minecraft:crafted":{"minecraft:crafting_table":1,"minecraft:bread":49,"minecraft:wheat":144},"minecraft:custom":{"minecraft:mob_kills":17,"minecraft:interact_with_crafting_table":2,"minecraft:open_barrel":15,"minecraft:leave_game":3,"minecraft:time_since_death":41464,"minecraft:sleep_in_bed":2,"minecraft:climb_one_cm":6640,"minecraft:time_since_rest":41493,"minecraft:sprint_one_cm":317194,"minecraft:damage_taken":2411,"minecraft:walk_one_cm":271768,"minecraft:damage_blocked_by_shield":510,"minecraft:drop":15,"minecraft:damage_dealt":3468,"minecraft:swim_one_cm":19490,"minecraft:fly_one_cm":524474,"minecraft:player_kills":1,"minecraft:open_chest":41,"minecraft:crouch_one_cm":17996,"minecraft:play_time":120158,"minecraft:deaths":5,"minecraft:sneak_time":6275,"minecraft:walk_under_water_one_cm":18681,"minecraft:boat_one_cm":430932,"minecraft:jump":1922,"minecraft:walk_on_water_one_cm":32742,"minecraft:total_world_time":120158,"minecraft:fall_one_cm":35129},"minecraft:picked_up":{"minecraft:fishing_rod":1,"minecraft:iron_chestplate":1,"minecraft:crafting_table":2,"minecraft:wheat":4,"minecraft:cooked_beef":12,"minecraft:chainmail_boots":3,"minecraft:water_bucket":3,"minecraft:diamond_sword":3,"artifacts:thorn_pendant":3,"minecraft:filled_map":1,"fnaf_mod:freddy_plushie":1,"minecraft:flint":3,"minecraft:shield":3,"weeping_angels:kontron_ingot":16,"artifacts:power_glove":3,"minecraft:cooked_mutton":42,"minecraft:bone":1,"minecraft:experience_bottle":1,"minecraft:kelp":1,"minecraft:wheat_seeds":1,"minecraft:heart_of_the_sea":1,"minecraft:iron_ingot":18,"minecraft:mossy_stone_bricks":1,"minecraft:iron_pickaxe":3,"artifacts:antidote_vessel":2,"minecraft:oak_planks":144,"minecraft:book":5,"minecraft:stick":72,"minecraft:raw_iron":34,"minecraft:cooked_porkchop":22,"minecraft:birch_boat":10,"minecraft:torch":192,"whispers_of_the_wendigo:silver_bullet":3,"minecraft:spruce_stairs":2,"minecraft:gravel":14,"minecraft:sand":10,"minecraft:jungle_planks":8,"minecraft:diorite":3,"minecraft:mossy_cobblestone":1,"minecraft:tnt":2,"minecraft:diamond":2,"minecraft:hay_block":48,"minecraft:granite":1,"minecraft:diamond_axe":3,"minecraft:bread":77,"minecraft:gold_ingot":7,"artifacts:pocket_piston":3,"minecraft:mutton":4,"minecraft:coal":58,"minecraft:cobblestone":124,"minecraft:diamond_pickaxe":3},"minecraft:mined":{"minecraft:spruce_planks":1,"minecraft:mossy_cobblestone":1,"minecraft:powder_snow":2,"minecraft:granite":1,"minecraft:jungle_stairs":2,"minecraft:jungle_planks":4,"minecraft:spruce_leaves":2,"minecraft:diorite":3,"minecraft:wall_torch":2,"minecraft:hay_block":16,"minecraft:spruce_stairs":1,"minecraft:iron_ore":17,"weeping_angels:kontron_ore":8,"minecraft:grass":3,"minecraft:coal_ore":20,"minecraft:gravel":10,"minecraft:sand":8,"minecraft:stone":9,"minecraft:fern":3},"minecraft:used":{"minecraft:cooked_mutton":21,"minecraft:water_bucket":6,"minecraft:diorite":3,"minecraft:chest":4,"minecraft:shield":13,"minecraft:birch_boat":8,"minecraft:diamond_axe":8,"minecraft:iron_chestplate":1,"minecraft:torch":12,"minecraft:crafting_table":1,"minecraft:granite":1,"minecraft:obsidian":1,"minecraft:milk_bucket":1,"minecraft:suspicious_stew":1,"minecraft:bread":4,"minecraft:iron_pickaxe":60,"minecraft:diamond_sword":41,"minecraft:cobblestone":80,"minecraft:bucket":6,"minecraft:cooked_beef":5},"minecraft:killed_by":{"decayingmobsbackport:weeping_chaser":1,"minecraft:player":1,"minecraft:drowned":1}},"DataVersion":3120}