{"stats":{"minecraft:killed":{"decayingmobsbackport:half_pig":1,"minecraft:sheep":1,"decayingmobsbackport:hunted_zombie":1,"minecraft:drowned":2,"artifacts:mimic":1},"minecraft:dropped":{"minecraft:water_bucket":1,"minecraft:wheat_seeds":1,"minecraft:filled_map":1,"minecraft:diamond_sword":1,"minecraft:shield":1,"minecraft:iron_pickaxe":1},"minecraft:crafted":{"minecraft:crafting_table":1,"minecraft:bread":49,"minecraft:wheat":144},"minecraft:custom":{"minecraft:mob_kills":6,"minecraft:interact_with_crafting_table":1,"minecraft:open_barrel":6,"minecraft:leave_game":3,"minecraft:time_since_death":1379,"minecraft:sleep_in_bed":1,"minecraft:climb_one_cm":3427,"minecraft:time_since_rest":1424,"minecraft:sprint_one_cm":87482,"minecraft:damage_taken":1405,"minecraft:walk_one_cm":122168,"minecraft:drop":6,"minecraft:damage_dealt":1611,"minecraft:swim_one_cm":17215,"minecraft:fly_one_cm":146270,"minecraft:player_kills":1,"minecraft:open_chest":16,"minecraft:crouch_one_cm":8798,"minecraft:play_time":60158,"minecraft:deaths":4,"minecraft:sneak_time":2976,"minecraft:walk_under_water_one_cm":17331,"minecraft:boat_one_cm":109234,"minecraft:jump":745,"minecraft:walk_on_water_one_cm":26307,"minecraft:total_world_time":60158,"minecraft:fall_one_cm":19096},"minecraft:picked_up":{"minecraft:fishing_rod":1,"minecraft:iron_chestplate":1,"minecraft:crafting_table":2,"minecraft:wheat":4,"minecraft:cooked_beef":12,"minecraft:chainmail_boots":3,"minecraft:water_bucket":3,"minecraft:diamond_sword":3,"artifacts:thorn_pendant":3,"minecraft:filled_map":1,"minecraft:flint":3,"minecraft:shield":3,"weeping_angels:kontron_ingot":16,"artifacts:power_glove":3,"minecraft:cooked_mutton":42,"minecraft:experience_bottle":1,"minecraft:kelp":1,"minecraft:wheat_seeds":1,"minecraft:heart_of_the_sea":1,"minecraft:iron_ingot":18,"minecraft:mossy_stone_bricks":1,"minecraft:iron_pickaxe":3,"artifacts:antidote_vessel":2,"minecraft:oak_planks":144,"minecraft:book":5,"minecraft:stick":48,"minecraft:raw_iron":34,"minecraft:cooked_porkchop":22,"minecraft:birch_boat":8,"minecraft:torch":192,"minecraft:spruce_stairs":2,"minecraft:gravel":14,"minecraft:sand":10,"minecraft:jungle_planks":8,"minecraft:diorite":3,"minecraft:mossy_cobblestone":1,"minecraft:tnt":2,"minecraft:diamond":2,"minecraft:hay_block":48,"minecraft:granite":1,"minecraft:diamond_axe":3,"minecraft:bread":77,"minecraft:gold_ingot":7,"artifacts:pocket_piston":3,"minecraft:coal":58,"minecraft:cobblestone":94,"minecraft:diamond_pickaxe":3},"minecraft:mined":{"minecraft:spruce_planks":1,"minecraft:mossy_cobblestone":1,"minecraft:granite":1,"minecraft:jungle_stairs":2,"minecraft:jungle_planks":4,"minecraft:spruce_leaves":2,"minecraft:diorite":3,"minecraft:wall_torch":2,"minecraft:hay_block":16,"minecraft:spruce_stairs":1,"minecraft:iron_ore":17,"weeping_angels:kontron_ore":8,"minecraft:grass":3,"minecraft:coal_ore":20,"minecraft:gravel":10,"minecraft:sand":8,"minecraft:stone":9},"minecraft:used":{"minecraft:water_bucket":6,"minecraft:diorite":3,"minecraft:birch_boat":5,"minecraft:diamond_axe":8,"minecraft:iron_chestplate":1,"minecraft:torch":10,"minecraft:crafting_table":1,"minecraft:granite":1,"minecraft:bread":4,"minecraft:iron_pickaxe":60,"minecraft:diamond_sword":14,"minecraft:cobblestone":51,"minecraft:bucket":6,"minecraft:cooked_beef":3},"minecraft:killed_by":{"decayingmobsbackport:weeping_chaser":1,"minecraft:player":1,"minecraft:drowned":1}},"DataVersion":3120}