{"stats":{"minecraft:killed":{"minecraft:pig":5,"minecraft:skeleton":5},"minecraft:dropped":{"minecraft:filled_map":2},"minecraft:crafted":{"minecraft:cooked_porkchop":1,"minecraft:crafting_table":1,"minecraft:spruce_planks":16,"minecraft:bread":41,"minecraft:air":0,"minecraft:stick":4,"minecraft:wheat":117},"minecraft:custom":{"minecraft:interact_with_furnace":3,"minecraft:mob_kills":7,"minecraft:inspect_hopper":1,"minecraft:interact_with_crafting_table":3,"minecraft:open_barrel":11,"minecraft:leave_game":4,"minecraft:time_since_death":902,"minecraft:sleep_in_bed":3,"minecraft:climb_one_cm":2994,"minecraft:time_since_rest":924,"minecraft:sprint_one_cm":196053,"minecraft:damage_taken":2111,"minecraft:walk_one_cm":234991,"minecraft:damage_blocked_by_shield":615,"minecraft:drop":2,"minecraft:damage_dealt":1298,"minecraft:swim_one_cm":7456,"minecraft:fly_one_cm":476729,"minecraft:player_kills":1,"minecraft:open_chest":13,"minecraft:crouch_one_cm":2296,"minecraft:play_time":71069,"minecraft:deaths":4,"minecraft:sneak_time":1156,"minecraft:walk_under_water_one_cm":26558,"minecraft:boat_one_cm":123763,"minecraft:jump":1294,"minecraft:walk_on_water_one_cm":20432,"minecraft:total_world_time":71069,"minecraft:fall_one_cm":30183},"minecraft:picked_up":{"minecraft:iron_chestplate":1,"minecraft:crafting_table":4,"minecraft:wheat":53,"minecraft:water_bucket":4,"minecraft:diamond_sword":4,"minecraft:potato":2,"minecraft:stone_brick_wall":1,"minecraft:filled_map":2,"fnaf_mod:freddy_plushie":2,"minecraft:flint":8,"minecraft:stone_brick_stairs":3,"fnaf_mod:foxy_plushie":2,"minecraft:shield":4,"minecraft:dirt":78,"minecraft:red_bed":10,"minecraft:iron_axe":7,"minecraft:polished_granite":2,"minecraft:bone":12,"minecraft:apple":8,"minecraft:stone_bricks":3,"minecraft:kelp":2,"minecraft:cracked_stone_bricks":3,"minecraft:wheat_seeds":7,"fnaf_mod:bonnie_plushie":2,"minecraft:spruce_planks":203,"minecraft:iron_ingot":12,"fnaf_mod:chica_plushie":2,"minecraft:spruce_slab":6,"minecraft:poppy":2,"minecraft:mossy_stone_bricks":8,"minecraft:iron_pickaxe":4,"minecraft:sugar_cane":54,"minecraft:stick":16,"minecraft:pumpkin":72,"minecraft:sweet_berries":56,"whispers_of_the_wendigo:rifle":3,"minecraft:chiseled_stone_bricks":4,"whispers_of_the_wendigo:silver_bullet":10,"minecraft:spruce_stairs":1,"minecraft:gravel":8,"minecraft:porkchop":46,"minecraft:sand":2,"minecraft:spruce_log":104,"minecraft:grass_block":6,"minecraft:barrel":4,"minecraft:arrow":7,"minecraft:rotten_flesh":12,"minecraft:hay_block":13,"minecraft:granite":1,"minecraft:emerald":8,"minecraft:bread":66,"minecraft:oak_sapling":4,"minecraft:coal":133,"minecraft:cobblestone":10},"minecraft:mined":{"fnaf_mod:freddy_plushie":1,"minecraft:spruce_planks":2,"fnaf_mod:chica_plushie":1,"minecraft:red_bed":6,"minecraft:polished_granite":2,"minecraft:crafting_table":1,"minecraft:granite":1,"minecraft:grass_block":1,"minecraft:stone_brick_wall":1,"minecraft:dead_bush":1,"minecraft:tall_grass":5,"minecraft:cobblestone":1,"minecraft:sugar_cane":12,"minecraft:chiseled_stone_bricks":4,"minecraft:hay_block":13,"minecraft:spruce_stairs":1,"minecraft:seagrass":1,"fnaf_mod:foxy_plushie":1,"minecraft:barrel":2,"minecraft:ice":1,"minecraft:spruce_log":5,"minecraft:pumpkin":24,"dynamictrees:spruce_leaves":1,"minecraft:stone_brick_stairs":3,"minecraft:grass":8,"minecraft:coal_ore":17,"minecraft:gravel":8,"minecraft:sand":1,"minecraft:dirt":21,"fnaf_mod:bonnie_plushie":1,"minecraft:cracked_stone_bricks":3,"minecraft:stone_bricks":4,"minecraft:stone":12,"minecraft:mossy_stone_bricks":9,"minecraft:spruce_slab":7},"minecraft:used":{"minecraft:water_bucket":10,"minecraft:shield":15,"minecraft:dirt":4,"minecraft:crafting_table":1,"minecraft:red_bed":3,"minecraft:grass_block":90,"minecraft:iron_axe":57,"minecraft:bread":13,"minecraft:iron_pickaxe":68,"minecraft:diamond_sword":37,"minecraft:cobblestone":1,"minecraft:sweet_berries":16,"minecraft:cooked_porkchop":1,"minecraft:bucket":14,"minecraft:powder_snow_bucket":4},"minecraft:killed_by":{"decayingmobsbackport:weeping_chaser":1,"minecraft:player":1,"minecraft:skeleton":1,"whispers_of_the_wendigo:wendigo":1}},"DataVersion":3120}