{"stats":{"minecraft:killed":{"minecraft:pig":3},"minecraft:dropped":{"minecraft:filled_map":2},"minecraft:crafted":{"minecraft:cooked_porkchop":1,"minecraft:crafting_table":1,"minecraft:spruce_planks":16,"minecraft:bread":41,"minecraft:air":0,"minecraft:stick":4,"minecraft:wheat":117},"minecraft:custom":{"minecraft:interact_with_furnace":3,"minecraft:mob_kills":3,"minecraft:inspect_hopper":1,"minecraft:interact_with_crafting_table":3,"minecraft:open_barrel":11,"minecraft:leave_game":4,"minecraft:time_since_death":4980,"minecraft:sleep_in_bed":2,"minecraft:climb_one_cm":1923,"minecraft:time_since_rest":5088,"minecraft:sprint_one_cm":160884,"minecraft:damage_taken":1568,"minecraft:walk_one_cm":200930,"minecraft:damage_blocked_by_shield":45,"minecraft:drop":2,"minecraft:damage_dealt":647,"minecraft:swim_one_cm":7456,"minecraft:fly_one_cm":425388,"minecraft:player_kills":1,"minecraft:open_chest":12,"minecraft:crouch_one_cm":2296,"minecraft:play_time":59069,"minecraft:deaths":3,"minecraft:sneak_time":1156,"minecraft:walk_under_water_one_cm":24483,"minecraft:jump":1111,"minecraft:walk_on_water_one_cm":14583,"minecraft:total_world_time":59069,"minecraft:fall_one_cm":26781},"minecraft:picked_up":{"minecraft:crafting_table":3,"minecraft:wheat":29,"minecraft:water_bucket":3,"minecraft:diamond_sword":3,"minecraft:potato":1,"minecraft:stone_brick_wall":1,"minecraft:filled_map":2,"fnaf_mod:freddy_plushie":1,"minecraft:flint":6,"minecraft:stone_brick_stairs":3,"fnaf_mod:foxy_plushie":1,"minecraft:shield":3,"minecraft:dirt":59,"minecraft:red_bed":8,"minecraft:iron_axe":5,"minecraft:polished_granite":2,"minecraft:apple":4,"minecraft:stone_bricks":3,"minecraft:kelp":2,"minecraft:cracked_stone_bricks":3,"minecraft:wheat_seeds":5,"fnaf_mod:bonnie_plushie":1,"minecraft:spruce_planks":136,"minecraft:iron_ingot":8,"fnaf_mod:chica_plushie":1,"minecraft:spruce_slab":6,"minecraft:poppy":2,"minecraft:mossy_stone_bricks":8,"minecraft:iron_pickaxe":3,"minecraft:sugar_cane":36,"minecraft:stick":8,"minecraft:pumpkin":48,"minecraft:sweet_berries":42,"whispers_of_the_wendigo:rifle":2,"minecraft:chiseled_stone_bricks":4,"whispers_of_the_wendigo:silver_bullet":7,"minecraft:spruce_stairs":1,"minecraft:gravel":8,"minecraft:porkchop":25,"minecraft:sand":2,"minecraft:spruce_log":71,"minecraft:grass_block":4,"minecraft:barrel":4,"minecraft:rotten_flesh":8,"minecraft:hay_block":13,"minecraft:granite":1,"minecraft:emerald":4,"minecraft:bread":36,"minecraft:oak_sapling":2,"minecraft:coal":83,"minecraft:cobblestone":10},"minecraft:mined":{"fnaf_mod:freddy_plushie":1,"minecraft:spruce_planks":2,"fnaf_mod:chica_plushie":1,"minecraft:red_bed":5,"minecraft:polished_granite":2,"minecraft:crafting_table":1,"minecraft:granite":1,"minecraft:grass_block":1,"minecraft:stone_brick_wall":1,"minecraft:tall_grass":1,"minecraft:cobblestone":1,"minecraft:sugar_cane":10,"minecraft:chiseled_stone_bricks":4,"minecraft:hay_block":13,"minecraft:spruce_stairs":1,"minecraft:seagrass":1,"fnaf_mod:foxy_plushie":1,"minecraft:barrel":2,"minecraft:ice":1,"minecraft:spruce_log":5,"minecraft:pumpkin":24,"dynamictrees:spruce_leaves":1,"minecraft:stone_brick_stairs":3,"minecraft:grass":8,"minecraft:coal_ore":17,"minecraft:gravel":8,"minecraft:sand":1,"minecraft:dirt":21,"fnaf_mod:bonnie_plushie":1,"minecraft:cracked_stone_bricks":3,"minecraft:stone_bricks":4,"minecraft:stone":12,"minecraft:mossy_stone_bricks":9,"minecraft:spruce_slab":7},"minecraft:used":{"minecraft:water_bucket":7,"minecraft:shield":1,"minecraft:dirt":4,"minecraft:crafting_table":1,"minecraft:red_bed":2,"minecraft:grass_block":90,"minecraft:iron_axe":57,"minecraft:bread":7,"minecraft:iron_pickaxe":68,"minecraft:diamond_sword":12,"minecraft:cobblestone":1,"minecraft:sweet_berries":16,"minecraft:cooked_porkchop":1,"minecraft:bucket":11,"minecraft:powder_snow_bucket":4},"minecraft:killed_by":{"decayingmobsbackport:weeping_chaser":1,"minecraft:player":1,"whispers_of_the_wendigo:wendigo":1}},"DataVersion":3120}