{"stats":{"minecraft:killed":{"minecraft:pig":5,"minecraft:skeleton":6,"minecraft:illusioner":1},"minecraft:dropped":{"minecraft:cobblestone":6,"minecraft:filled_map":2,"artifacts:scarf_of_invisibility":1},"minecraft:crafted":{"minecraft:cooked_porkchop":7,"minecraft:crafting_table":1,"minecraft:spruce_planks":16,"minecraft:bread":41,"minecraft:air":0,"minecraft:stick":4,"minecraft:torch":24,"minecraft:wheat":117},"minecraft:custom":{"minecraft:interact_with_furnace":14,"minecraft:mob_kills":8,"minecraft:inspect_hopper":1,"minecraft:interact_with_crafting_table":3,"minecraft:open_barrel":36,"minecraft:leave_game":4,"minecraft:time_since_death":23154,"minecraft:sleep_in_bed":3,"minecraft:climb_one_cm":4970,"minecraft:time_since_rest":23196,"minecraft:sprint_one_cm":281359,"minecraft:damage_taken":2673,"minecraft:walk_one_cm":333526,"minecraft:damage_blocked_by_shield":1030,"minecraft:drop":4,"minecraft:damage_dealt":1642,"minecraft:swim_one_cm":7456,"minecraft:fly_one_cm":649971,"minecraft:player_kills":1,"minecraft:open_chest":47,"minecraft:crouch_one_cm":2607,"minecraft:play_time":101069,"minecraft:deaths":5,"minecraft:sneak_time":1272,"minecraft:walk_under_water_one_cm":28450,"minecraft:boat_one_cm":271551,"minecraft:jump":1930,"minecraft:walk_on_water_one_cm":26516,"minecraft:interact_with_smoker":1,"minecraft:total_world_time":101069,"minecraft:fall_one_cm":48809},"minecraft:picked_up":{"minecraft:iron_chestplate":2,"minecraft:crafting_table":5,"minecraft:wheat":77,"minecraft:water_bucket":5,"minecraft:diamond_sword":5,"minecraft:potato":3,"minecraft:stone_brick_wall":1,"minecraft:filled_map":2,"fnaf_mod:freddy_plushie":3,"minecraft:flint":8,"minecraft:stone_brick_stairs":3,"fnaf_mod:foxy_plushie":3,"minecraft:golden_boots":1,"minecraft:shield":5,"minecraft:dirt":78,"minecraft:red_bed":11,"minecraft:iron_axe":9,"minecraft:polished_granite":2,"minecraft:bone":18,"minecraft:apple":12,"minecraft:stone_bricks":3,"minecraft:kelp":2,"minecraft:cracked_stone_bricks":3,"minecraft:wheat_seeds":9,"fnaf_mod:bonnie_plushie":3,"minecraft:spruce_planks":272,"minecraft:iron_ingot":20,"fnaf_mod:chica_plushie":3,"minecraft:spruce_slab":9,"minecraft:poppy":2,"minecraft:mossy_stone_bricks":8,"minecraft:iron_pickaxe":5,"minecraft:sugar_cane":81,"minecraft:iron_sword":2,"minecraft:tipped_arrow":1,"minecraft:stick":22,"minecraft:glow_item_frame":3,"minecraft:pumpkin":110,"minecraft:sweet_berries":67,"whispers_of_the_wendigo:rifle":4,"minecraft:chiseled_stone_bricks":4,"whispers_of_the_wendigo:silver_bullet":13,"minecraft:spruce_stairs":2,"minecraft:gravel":8,"minecraft:porkchop":63,"minecraft:sand":2,"minecraft:spruce_log":140,"minecraft:grass_block":6,"artifacts:scarf_of_invisibility":2,"minecraft:spectral_arrow":1,"minecraft:barrel":4,"minecraft:arrow":11,"minecraft:rotten_flesh":12,"minecraft:hay_block":13,"minecraft:granite":1,"minecraft:emerald":12,"minecraft:bread":97,"minecraft:oak_sapling":4,"minecraft:coal":197,"minecraft:cobblestone":16},"minecraft:mined":{"fnaf_mod:freddy_plushie":1,"minecraft:spruce_planks":4,"fnaf_mod:chica_plushie":1,"minecraft:red_bed":6,"minecraft:polished_granite":2,"minecraft:crafting_table":1,"minecraft:granite":1,"minecraft:grass_block":1,"minecraft:stone_brick_wall":1,"minecraft:dead_bush":1,"minecraft:tall_grass":5,"minecraft:cobblestone":1,"minecraft:sugar_cane":15,"minecraft:chiseled_stone_bricks":4,"minecraft:hay_block":13,"minecraft:spruce_stairs":2,"minecraft:seagrass":1,"fnaf_mod:foxy_plushie":1,"minecraft:barrel":2,"minecraft:ice":1,"minecraft:spruce_log":8,"minecraft:pumpkin":39,"dynamictrees:spruce_leaves":2,"minecraft:stone_brick_stairs":3,"minecraft:grass":10,"minecraft:coal_ore":34,"minecraft:gravel":8,"minecraft:sand":1,"minecraft:dirt":21,"minecraft:packed_ice":40,"fnaf_mod:bonnie_plushie":1,"minecraft:cracked_stone_bricks":3,"minecraft:stone_bricks":4,"minecraft:stone":18,"minecraft:mossy_stone_bricks":9,"minecraft:spruce_slab":10,"minecraft:fern":1},"minecraft:used":{"minecraft:water_bucket":12,"minecraft:shield":27,"minecraft:glow_item_frame":1,"minecraft:dirt":4,"minecraft:crafting_table":1,"minecraft:red_bed":3,"minecraft:grass_block":90,"minecraft:iron_axe":85,"minecraft:bread":26,"minecraft:iron_pickaxe":133,"minecraft:diamond_sword":47,"minecraft:cobblestone":1,"minecraft:sweet_berries":16,"minecraft:cooked_porkchop":4,"minecraft:bucket":16,"minecraft:powder_snow_bucket":4},"minecraft:killed_by":{"decayingmobsbackport:weeping_chaser":1,"minecraft:player":1,"minecraft:skeleton":1,"whispers_of_the_wendigo:wendigo":1}},"DataVersion":3120}