{"stats":{"minecraft:killed":{"minecraft:pig":1},"minecraft:dropped":{"minecraft:filled_map":2},"minecraft:crafted":{"minecraft:cooked_porkchop":1,"minecraft:crafting_table":1,"minecraft:spruce_planks":16,"minecraft:air":0,"minecraft:stick":4},"minecraft:custom":{"minecraft:interact_with_furnace":3,"minecraft:mob_kills":1,"minecraft:interact_with_crafting_table":2,"minecraft:open_barrel":11,"minecraft:leave_game":4,"minecraft:time_since_death":31457,"minecraft:sleep_in_bed":1,"minecraft:climb_one_cm":1205,"minecraft:time_since_rest":23525,"minecraft:sprint_one_cm":111868,"minecraft:damage_taken":753,"minecraft:walk_one_cm":148715,"minecraft:damage_blocked_by_shield":45,"minecraft:drop":2,"minecraft:damage_dealt":447,"minecraft:swim_one_cm":7456,"minecraft:fly_one_cm":337773,"minecraft:player_kills":1,"minecraft:open_chest":11,"minecraft:crouch_one_cm":1635,"minecraft:play_time":47069,"minecraft:deaths":2,"minecraft:sneak_time":1068,"minecraft:walk_under_water_one_cm":24483,"minecraft:jump":825,"minecraft:walk_on_water_one_cm":14583,"minecraft:total_world_time":47069,"minecraft:fall_one_cm":17475},"minecraft:picked_up":{"minecraft:crafting_table":1,"minecraft:wheat":5,"minecraft:water_bucket":2,"minecraft:diamond_sword":2,"minecraft:stone_brick_wall":1,"minecraft:filled_map":2,"minecraft:flint":4,"minecraft:stone_brick_stairs":3,"minecraft:shield":2,"minecraft:dirt":40,"minecraft:red_bed":7,"minecraft:iron_axe":3,"minecraft:polished_granite":2,"minecraft:stone_bricks":3,"minecraft:kelp":2,"minecraft:cracked_stone_bricks":3,"minecraft:wheat_seeds":2,"minecraft:spruce_planks":69,"minecraft:iron_ingot":4,"minecraft:spruce_slab":6,"minecraft:poppy":2,"minecraft:mossy_stone_bricks":8,"minecraft:iron_pickaxe":2,"minecraft:sugar_cane":18,"minecraft:stick":4,"minecraft:pumpkin":24,"minecraft:sweet_berries":34,"whispers_of_the_wendigo:rifle":1,"minecraft:chiseled_stone_bricks":4,"whispers_of_the_wendigo:silver_bullet":4,"minecraft:spruce_stairs":1,"minecraft:gravel":8,"minecraft:porkchop":10,"minecraft:sand":2,"minecraft:spruce_log":38,"minecraft:grass_block":2,"minecraft:barrel":4,"minecraft:rotten_flesh":4,"minecraft:hay_block":13,"minecraft:granite":1,"minecraft:coal":33,"minecraft:cobblestone":10},"minecraft:mined":{"minecraft:spruce_planks":2,"minecraft:red_bed":5,"minecraft:polished_granite":2,"minecraft:granite":1,"minecraft:grass_block":1,"minecraft:stone_brick_wall":1,"minecraft:tall_grass":1,"minecraft:cobblestone":1,"minecraft:sugar_cane":10,"minecraft:chiseled_stone_bricks":4,"minecraft:hay_block":13,"minecraft:spruce_stairs":1,"minecraft:seagrass":1,"minecraft:barrel":2,"minecraft:ice":1,"minecraft:spruce_log":5,"minecraft:pumpkin":24,"dynamictrees:spruce_leaves":1,"minecraft:stone_brick_stairs":3,"minecraft:grass":5,"minecraft:coal_ore":17,"minecraft:gravel":8,"minecraft:sand":1,"minecraft:dirt":21,"minecraft:cracked_stone_bricks":3,"minecraft:stone_bricks":4,"minecraft:stone":12,"minecraft:mossy_stone_bricks":9,"minecraft:spruce_slab":7},"minecraft:used":{"minecraft:water_bucket":7,"minecraft:shield":1,"minecraft:dirt":4,"minecraft:red_bed":2,"minecraft:grass_block":90,"minecraft:iron_axe":56,"minecraft:bread":2,"minecraft:iron_pickaxe":68,"minecraft:diamond_sword":7,"minecraft:cobblestone":1,"minecraft:sweet_berries":16,"minecraft:cooked_porkchop":1,"minecraft:bucket":11,"minecraft:powder_snow_bucket":4},"minecraft:killed_by":{"decayingmobsbackport:weeping_chaser":1,"minecraft:player":1}},"DataVersion":3120}