{
  "dungeons_arise:wda_root": {
    "criteria": {
      "WDA": "2024-07-06 19:36:22 +0000"
    },
    "done": true
  },
  "decayingmobsbackport:jumpscares_disabled": {
    "criteria": {
      "jumpscares_disabled": "2024-07-06 19:36:22 +0000"
    },
    "done": true
  },
  "apollyon:apollyon": {
    "criteria": {
      "apollyon": "2024-07-06 19:46:10 +0000"
    },
    "done": true
  },
  "decayingmobsbackport:seems_normal_enough": {
    "criteria": {
      "seems_normal_enough": "2024-07-06 19:36:22 +0000"
    },
    "done": true
  },
  "minecraft:adventure/adventuring_time": {
    "criteria": {
      "minecraft:taiga": "2024-07-06 19:36:41 +0000",
      "minecraft:frozen_river": "2024-07-06 19:46:11 +0000",
      "minecraft:stony_shore": "2024-07-06 19:23:55 +0000",
      "minecraft:snowy_plains": "2024-07-06 19:46:41 +0000",
      "minecraft:snowy_taiga": "2024-07-06 19:23:48 +0000",
      "minecraft:frozen_ocean": "2024-07-06 19:38:40 +0000",
      "minecraft:snowy_beach": "2024-07-06 19:46:16 +0000"
    },
    "done": false
  },
  "DataVersion": 3120
}