{
  "dungeons_arise:wda_root": {
    "criteria": {
      "WDA": "2024-07-06 19:58:01 +0000"
    },
    "done": true
  },
  "decayingmobsbackport:jumpscares_disabled": {
    "criteria": {
      "jumpscares_disabled": "2024-07-06 19:58:01 +0000"
    },
    "done": true
  },
  "decayingmobsbackport:seems_normal_enough": {
    "criteria": {
      "seems_normal_enough": "2024-07-06 19:58:01 +0000"
    },
    "done": true
  },
  "minecraft:adventure/adventuring_time": {
    "criteria": {
      "minecraft:stony_shore": "2024-07-06 19:59:00 +0000",
      "minecraft:snowy_taiga": "2024-07-06 19:58:03 +0000"
    },
    "done": false
  },
  "DataVersion": 3120
}